[]
{
  "Username": "040874c8-1091-7010-c7b7-a058ddb443eb",
  "Email": "ai05@sedaily.com",
  "Sub": "040874c8-1091-7010-c7b7-a058ddb443eb",
  "Status": "CONFIRMED",
  "Created": "2025-09-12T10:31:59.972000+09:00",
  "migration_status": "success"
}
{
  "Username": "044884c8-1011-700b-666b-0a8370ea5bb1",
  "Email": "holiday53@naver.com",
  "Sub": "044884c8-1011-700b-666b-0a8370ea5bb1",
  "Status": "CONFIRMED",
  "Created": "2025-09-17T18:23:27.779000+09:00",
  "migration_status": "success"
}
{
  "Username": "14a8f498-6001-709f-8427-3921566c92bc",
  "Email": "downright@sedaily.com",
  "Sub": "14a8f498-6001-709f-8427-3921566c92bc",
  "Status": "CONFIRMED",
  "Created": "2025-09-16T11:11:05.040000+09:00",
  "migration_status": "success"
}
{
  "Username": "24289408-e031-7073-69c0-7dd391f1a8ff",
  "Email": "ai01@sedaily.com",
  "Sub": "24289408-e031-7073-69c0-7dd391f1a8ff",
  "Status": "CONFIRMED",
  "Created": "2025-09-12T10:36:14.095000+09:00",
  "migration_status": "success"
}
{
  "Username": "3428c4e8-3091-7090-046d-948358c2b3c3",
  "Email": "kyu@sedaily.com",
  "Sub": "3428c4e8-3091-7090-046d-948358c2b3c3",
  "Status": "CONFIRMED",
  "Created": "2025-09-17T10:55:52.442000+09:00",
  "migration_status": "success"
}
{
  "Username": "346884d8-4031-7096-03a5-64501f6fd9fc",
  "Email": "kimi@sedaily.com",
  "Sub": "346884d8-4031-7096-03a5-64501f6fd9fc",
  "Status": "CONFIRMED",
  "Created": "2025-09-16T14:08:59.392000+09:00",
  "migration_status": "success"
}
{
  "Username": "445854f8-30c1-70ff-916d-d2d571a2ca96",
  "Email": "seen@sedaily.com",
  "Sub": "445854f8-30c1-70ff-916d-d2d571a2ca96",
  "Status": "CONFIRMED",
  "Created": "2025-09-17T09:08:30.186000+09:00",
  "migration_status": "success"
}
{
  "Username": "4478e428-8011-70eb-8b1e-8ffafe2d66d1",
  "Email": "cactusgpt0422@gmail.com",
  "Sub": "4478e428-8011-70eb-8b1e-8ffafe2d66d1",
  "Status": "CONFIRMED",
  "Created": "2025-09-20T11:16:33.348000+09:00",
  "migration_status": "success"
}
{
  "Username": "54d81498-3001-70d1-1988-f9207eae7f04",
  "Email": "hansoo@sedaily.com",
  "Sub": "54d81498-3001-70d1-1988-f9207eae7f04",
  "Status": "CONFIRMED",
  "Created": "2025-09-16T10:40:59.094000+09:00",
  "migration_status": "success"
}
{
  "Username": "64488478-b0f1-7067-7d8c-f6d6b10a8413",
  "Email": "ttrhtt12@naver.com",
  "Sub": "64488478-b0f1-7067-7d8c-f6d6b10a8413",
  "Status": "CONFIRMED",
  "Created": "2025-08-24T18:06:36.817000+09:00",
  "migration_status": "success"
}
{
  "Username": "7428d488-3001-70c0-93e3-de4c0dffcf9e",
  "Email": "sj8268@sedaily.com",
  "Sub": "7428d488-3001-70c0-93e3-de4c0dffcf9e",
  "Status": "CONFIRMED",
  "Created": "2025-09-17T06:28:55.006000+09:00",
  "migration_status": "success"
}
{
  "Username": "747884c8-90e1-7031-a50d-ac98119dea14",
  "Email": "real@sedaily.com",
  "Sub": "747884c8-90e1-7031-a50d-ac98119dea14",
  "Status": "CONFIRMED",
  "Created": "2025-09-16T10:38:41.549000+09:00",
  "migration_status": "success"
}
{
  "Username": "74b81438-1071-70f9-ac8c-1ecc1602a5f9",
  "Email": "socool@sedaily.com",
  "Sub": "74b81438-1071-70f9-ac8c-1ecc1602a5f9",
  "Status": "CONFIRMED",
  "Created": "2025-09-22T13:44:13.581000+09:00",
  "migration_status": "success"
}
{
  "Username": "84a8e448-60c1-709f-3f03-0e98e563e796",
  "Email": "newsuyeon@sedaily.com",
  "Sub": "84a8e448-60c1-709f-3f03-0e98e563e796",
  "Status": "CONFIRMED",
  "Created": "2025-09-17T09:05:55.860000+09:00",
  "migration_status": "success"
}
{
  "Username": "941894c8-c0c1-7007-6abd-357314c24df6",
  "Email": "kys@sedaily.com",
  "Sub": "941894c8-c0c1-7007-6abd-357314c24df6",
  "Status": "CONFIRMED",
  "Created": "2025-09-17T17:13:49.462000+09:00",
  "migration_status": "success"
}
{
  "Username": "94487458-b081-707c-6c5b-81c9d1776350",
  "Email": "sono@sedaily.com",
  "Sub": "94487458-b081-707c-6c5b-81c9d1776350",
  "Status": "CONFIRMED",
  "Created": "2025-09-15T10:02:25.487000+09:00",
  "migration_status": "success"
}
{
  "Username": "94788418-2051-7026-bf2e-c103adfc773d",
  "Email": "theone@sedaily.com",
  "Sub": "94788418-2051-7026-bf2e-c103adfc773d",
  "Status": "CONFIRMED",
  "Created": "2025-09-14T23:25:09.834000+09:00",
  "migration_status": "success"
}
{
  "Username": "9478d4e8-d051-7073-90a2-4c3346a2f20d",
  "Email": "hskim@sedaily.com",
  "Sub": "9478d4e8-d051-7073-90a2-4c3346a2f20d",
  "Status": "CONFIRMED",
  "Created": "2025-09-22T17:46:29.435000+09:00",
  "migration_status": "success"
}
{
  "Username": "a468e4e8-4091-70cc-40b0-e19e5070782f",
  "Email": "slypdh@sedaily.com",
  "Sub": "a468e4e8-4091-70cc-40b0-e19e5070782f",
  "Status": "CONFIRMED",
  "Created": "2025-09-22T13:57:42.104000+09:00",
  "migration_status": "success"
}
{
  "Username": "b498b418-b0e1-70bc-3ab3-fd70cd0f7921",
  "Email": "ai@sedaily.com",
  "Sub": "b498b418-b0e1-70bc-3ab3-fd70cd0f7921",
  "Status": "CONFIRMED",
  "Created": "2025-08-24T17:23:36.159000+09:00",
  "migration_status": "success"
}
{
  "Username": "b4a854e8-20c1-70dd-5d51-47f8dad026a6",
  "Email": "phototom@sedaily.com",
  "Sub": "b4a854e8-20c1-70dd-5d51-47f8dad026a6",
  "Status": "CONFIRMED",
  "Created": "2025-09-17T17:23:55.928000+09:00",
  "migration_status": "success"
}
{
  "Username": "c4a81478-a0c1-70fd-f1c6-2d8c3ef84d27",
  "Email": "lkh@sedaily.com",
  "Sub": "c4a81478-a0c1-70fd-f1c6-2d8c3ef84d27",
  "Status": "CONFIRMED",
  "Created": "2025-09-17T09:48:26.918000+09:00",
  "migration_status": "success"
}
{
  "Username": "c4e80478-4081-70a4-730a-552e75f659b1",
  "Email": "change@sedaily.com",
  "Sub": "c4e80478-4081-70a4-730a-552e75f659b1",
  "Status": "CONFIRMED",
  "Created": "2025-09-19T10:18:12.655000+09:00",
  "migration_status": "success"
}
{
  "Username": "d45874f8-f0e1-70fe-1a47-c3a3bc2c43ad",
  "Email": "wonjjangs@sedaily.com",
  "Sub": "d45874f8-f0e1-70fe-1a47-c3a3bc2c43ad",
  "Status": "CONFIRMED",
  "Created": "2025-09-17T19:40:29.118000+09:00",
  "migration_status": "success"
}
{
  "Username": "d48804c8-5051-70af-3c13-9845933520f2",
  "Email": "cos@sedaily.com",
  "Sub": "d48804c8-5051-70af-3c13-9845933520f2",
  "Status": "CONFIRMED",
  "Created": "2025-09-17T09:10:37.442000+09:00",
  "migration_status": "success"
}
{
  "Username": "e468f408-e071-70cb-933e-4bd18ec79971",
  "Email": "mina@sedaily.com",
  "Sub": "e468f408-e071-70cb-933e-4bd18ec79971",
  "Status": "CONFIRMED",
  "Created": "2025-09-17T18:11:08.796000+09:00",
  "migration_status": "success"
}
{
  "Username": "e4d81468-5021-702f-e453-f225e61b0e89",
  "Email": "nevermind@sedaily.com",
  "Sub": "e4d81468-5021-702f-e453-f225e61b0e89",
  "Status": "CONFIRMED",
  "Created": "2025-09-18T10:32:14.857000+09:00",
  "migration_status": "success"
}
{
  "Username": "e4e81448-7061-7061-dc5e-1d7844b92dec",
  "Email": "tak@sedaily.com",
  "Sub": "e4e81448-7061-7061-dc5e-1d7844b92dec",
  "Status": "CONFIRMED",
  "Created": "2025-09-18T17:28:44.366000+09:00",
  "migration_status": "success"
}
{
  "Username": "f4088458-00f1-70c0-04ef-47d241efac7b",
  "Email": "ttrhtt1@gmail.com",
  "Sub": "f4088458-00f1-70c0-04ef-47d241efac7b",
  "Status": "CONFIRMED",
  "Created": "2025-08-26T11:18:54.931000+09:00",
  "migration_status": "success"
}
{
  "Username": "f438b418-30e1-705a-9ef4-5245726a8ca8",
  "Email": "ssong@sedaily.com",
  "Sub": "f438b418-30e1-705a-9ef4-5245726a8ca8",
  "Status": "CONFIRMED",
  "Created": "2025-09-16T13:48:52.075000+09:00",
  "migration_status": "success"
}
